,Exec Env,#vCPUs,Access Method,Number of Threads,Block Size (KiB),Total Size (MiB),Operation,Scope,Total Ops,Ops per sec,Data Transfered (MiB),Throughput (MiB/sec),Total Time,Total #events,Min Latency (ms),Avg Latency (ms),Max Latency (ms),95th Percentile Latency (ms),Total Execution Time across Threads (s),Avg Number of Events per Thread,Avg Execution Time per Thread (s)
0,Linux Host,96,rnd,1,4096.0,1024000.0,read,global,12323.0,410.73,49292.0,1642.93,30.001,12323.0,2.41,2.43,7.92,2.48,29.99633,12323.0,29.9963
1,Linux Host,96,rnd,1,4096.0,1024000.0,read,local,12158.0,405.21,48632.0,1620.85,30.0003,12158.0,2.43,2.47,7.41,2.52,29.99468,12158.0,29.9947
2,Linux Host,96,seq,1,4096.0,1024000.0,read,global,256000.0,10748.42,1024000.0,42993.67,23.8139,256000.0,0.09,0.09,0.68,0.09,23.776259999999997,256000.0,23.7763
3,Linux Host,96,seq,1,4096.0,1024000.0,read,local,256000.0,10737.39,1024000.0,42949.56,23.8383,256000.0,0.09,0.09,0.55,0.09,23.80058,256000.0,23.8006
4,Linux Host,96,rnd,1,4096.0,1024000.0,write,global,5819.0,193.94,23276.0,775.77,30.0004,5819.0,2.2,5.15,10.95,5.18,29.995669999999997,5819.0,29.9957
5,Linux Host,96,rnd,1,4096.0,1024000.0,write,local,5819.0,193.93,23276.0,775.73,30.0015,5819.0,2.19,5.15,9.87,5.18,29.99606,5819.0,29.9961
6,Linux Host,96,seq,1,4096.0,1024000.0,write,global,140837.0,4693.95,563348.0,18775.81,30.0003,140837.0,0.21,0.21,2.14,0.22,29.976770000000002,140837.0,29.9768
7,Linux Host,96,seq,1,4096.0,1024000.0,write,local,140850.0,4694.38,563400.0,18777.53,30.0004,140850.0,0.21,0.21,0.77,0.22,29.97659,140850.0,29.9766
8,Linux Host,96,rnd,2,4096.0,1024000.0,read,global,24773.0,825.66,99092.0,3302.64,30.002,24773.0,2.35,2.42,11.52,2.48,59.989,12386.5,29.9945
9,Linux Host,96,rnd,2,4096.0,1024000.0,read,local,24523.0,817.28,98092.0,3269.12,30.0018,24523.0,2.35,2.45,14.17,2.52,59.98619,12261.5,29.9931
10,Linux Host,96,seq,2,4096.0,1024000.0,read,global,256000.0,21428.09,1024000.0,85712.36,11.9433,256000.0,0.09,0.09,2.49,0.09,23.73144,128000.0,11.8657
11,Linux Host,96,seq,2,4096.0,1024000.0,read,local,256000.0,20813.18,1024000.0,83252.73,12.2963,256000.0,0.09,0.09,13.56,0.1,24.14537,128000.0,12.0727
12,Linux Host,96,rnd,2,4096.0,1024000.0,write,global,5401.0,180.0,21604.0,720.02,30.0012,5401.0,3.15,11.11,21.94,17.32,59.99414,2700.5,29.9971
13,Linux Host,96,rnd,2,4096.0,1024000.0,write,local,11616.0,387.14,46464.0,1548.56,30.0009,11616.0,2.2,5.16,22.62,5.28,59.990730000000006,5808.0,29.9954
14,Linux Host,96,seq,2,4096.0,1024000.0,write,global,69948.0,2331.28,279792.0,9325.1,30.0009,69948.0,0.21,0.86,5.54,1.37,59.97365,34974.0,29.9868
15,Linux Host,96,seq,2,4096.0,1024000.0,write,local,256000.0,9249.1,1024000.0,36996.39,27.6747,256000.0,0.21,0.21,12.19,0.22,54.954370000000004,128000.0,27.4772
16,Linux Host,96,rnd,3,4096.0,1024000.0,read,global,37355.0,1244.91,149420.0,4979.65,30.0024,37355.0,2.35,2.41,13.25,2.61,89.98596,12451.6667,29.9953
17,Linux Host,96,rnd,3,4096.0,1024000.0,read,local,36172.0,1205.33,144688.0,4821.34,30.0061,36172.0,2.38,2.49,18.78,2.71,89.98944999999999,12057.3333,29.9965
18,Linux Host,96,seq,3,4096.0,1024000.0,read,global,255999.0,31355.25,1023996.0,125420.98,8.1612,255999.0,0.09,0.09,3.05,0.1,24.17998,85333.0,8.06
19,Linux Host,96,seq,3,4096.0,1024000.0,read,local,255999.0,30426.98,1023996.0,121707.93,8.4097,255999.0,0.09,0.1,11.51,0.11,24.784689999999998,85333.0,8.2616
20,Linux Host,96,rnd,3,4096.0,1024000.0,write,global,6197.0,206.47,24788.0,825.9,30.0097,6197.0,4.93,14.53,20.64,18.28,90.0123,2065.6667,30.0041
21,Linux Host,96,rnd,3,4096.0,1024000.0,write,local,17384.0,579.34,69536.0,2317.36,30.0027,17384.0,2.23,5.18,21.78,5.37,89.98992999999999,5794.6667,29.9966
22,Linux Host,96,seq,3,4096.0,1024000.0,write,global,62898.0,2096.31,251592.0,8385.22,30.0008,62898.0,0.21,1.43,5.76,3.25,89.96306,20966.0,29.9877
23,Linux Host,96,seq,3,4096.0,1024000.0,write,local,255999.0,13748.04,1023996.0,54992.17,18.617,255999.0,0.21,0.22,13.5,0.22,55.45653,85333.0,18.4855
24,Linux Host,96,rnd,4,4096.0,1024000.0,read,global,46338.0,1544.29,185352.0,6177.16,30.0023,46338.0,2.35,2.59,11.92,3.82,119.98186,11584.5,29.9955
25,Linux Host,96,rnd,4,4096.0,1024000.0,read,local,45949.0,1531.34,183796.0,6125.34,30.0025,45949.0,2.35,2.61,24.32,3.13,119.97944,11487.25,29.9949
26,Linux Host,96,seq,4,4096.0,1024000.0,read,global,256000.0,41997.66,1024000.0,167990.64,6.092,256000.0,0.09,0.09,8.11,0.1,23.84282,64000.0,5.9607
27,Linux Host,96,seq,4,4096.0,1024000.0,read,local,256000.0,36367.33,1024000.0,145469.33,7.0354,256000.0,0.09,0.1,17.49,0.15,26.48102,64000.0,6.6203
28,Linux Host,96,rnd,4,4096.0,1024000.0,write,global,7663.0,255.3,30652.0,1021.22,30.0116,7663.0,2.56,15.66,26.02,18.61,120.02789,1915.75,30.007
29,Linux Host,96,rnd,4,4096.0,1024000.0,write,local,22981.0,765.76,91924.0,3063.03,30.0074,22981.0,2.21,5.22,27.47,5.37,120.00013,5745.25,30.0
30,Linux Host,96,seq,4,4096.0,1024000.0,write,global,70343.0,2344.38,281372.0,9377.51,30.0016,70343.0,0.23,1.71,6.6,3.3,119.94964,17585.75,29.9874
31,Linux Host,96,seq,4,4096.0,1024000.0,write,local,256000.0,17930.11,1024000.0,71720.44,14.2744,256000.0,0.21,0.22,13.6,0.24,56.21545,64000.0,14.0539
32,Linux Host,96,rnd,5,4096.0,1024000.0,read,global,62274.0,2075.39,249096.0,8301.56,30.0022,62274.0,2.35,2.41,11.53,2.48,149.97351,12454.8,29.9947
33,Linux Host,96,rnd,5,4096.0,1024000.0,read,local,60054.0,2001.47,240216.0,8005.88,30.0016,60054.0,2.35,2.5,30.17,2.61,149.96295,12010.8,29.9926
34,Linux Host,96,seq,5,4096.0,1024000.0,read,global,256000.0,52802.56,1024000.0,211210.25,4.8446,256000.0,0.09,0.09,6.53,0.1,23.90766,51200.0,4.7815
35,Linux Host,96,seq,5,4096.0,1024000.0,read,local,256000.0,45656.51,1024000.0,182626.04,5.6034,256000.0,0.09,0.11,20.94,0.21,27.281830000000003,51200.0,5.4564
36,Linux Host,96,rnd,5,4096.0,1024000.0,write,global,9503.0,316.58,38012.0,1266.32,30.0142,9503.0,4.14,15.79,26.29,18.61,150.02791,1900.6,30.0056
37,Linux Host,96,rnd,5,4096.0,1024000.0,write,local,28963.0,965.15,115852.0,3860.58,30.0053,28963.0,2.19,5.18,30.44,5.28,149.99420999999998,5792.6,29.9988
38,Linux Host,96,seq,5,4096.0,1024000.0,write,global,82973.0,2765.41,331892.0,11061.64,30.0006,82973.0,0.23,1.81,6.88,3.3,149.92560999999998,16594.6,29.9851
39,Linux Host,96,seq,5,4096.0,1024000.0,write,local,256000.0,21333.09,1024000.0,85332.34,11.9968,256000.0,0.21,0.23,18.23,0.25,58.48609,51200.0,11.6972
40,Linux Host,96,rnd,6,4096.0,1024000.0,read,global,72067.0,2401.8,288268.0,9607.19,30.0038,72067.0,2.35,2.5,13.21,2.66,179.96059,12011.1667,29.9934
41,Linux Host,96,rnd,6,4096.0,1024000.0,read,local,69620.0,2320.21,278480.0,9280.86,30.0024,69620.0,2.35,2.58,30.08,2.86,179.96259,11603.3333,29.9938
42,Linux Host,96,seq,6,4096.0,1024000.0,read,global,255996.0,59630.83,1023984.0,238523.32,4.2894,255996.0,0.09,0.1,8.75,0.1,25.0115,42666.0,4.1686
43,Linux Host,96,seq,6,4096.0,1024000.0,read,local,255996.0,49452.33,1023984.0,197809.34,5.1728,255996.0,0.09,0.12,18.33,0.26,29.52013,42666.0,4.92
44,Linux Host,96,rnd,6,4096.0,1024000.0,write,global,10544.0,351.25,42176.0,1404.98,30.0161,10544.0,8.17,17.08,28.87,18.28,180.04686999999998,1757.3333,30.0078
45,Linux Host,96,rnd,6,4096.0,1024000.0,write,local,34223.0,1140.33,136892.0,4561.32,30.0077,34223.0,2.19,5.26,32.94,5.37,179.98810999999998,5703.8333,29.998
46,Linux Host,96,seq,6,4096.0,1024000.0,write,global,99025.0,3300.2,396100.0,13200.8,30.0024,99025.0,0.23,1.82,9.99,3.07,179.91351999999998,16504.1667,29.9856
47,Linux Host,96,seq,6,4096.0,1024000.0,write,local,255996.0,25356.75,1023984.0,101427.0,10.0921,255996.0,0.21,0.23,16.88,0.23,59.935050000000004,42666.0,9.9892
48,Linux Host,96,rnd,7,4096.0,1024000.0,read,global,83299.0,2776.04,333196.0,11104.18,30.0026,83299.0,2.35,2.52,12.7,2.71,209.95057,11899.8571,29.9929
49,Linux Host,96,rnd,7,4096.0,1024000.0,read,local,83307.0,2776.33,333228.0,11105.3,30.0024,83307.0,2.35,2.52,30.93,2.57,209.94129999999998,11901.0,29.9916
50,Linux Host,96,seq,7,4096.0,1024000.0,read,global,255997.0,70682.62,1023988.0,282730.46,3.6181,255997.0,0.09,0.1,10.57,0.1,24.554380000000002,36571.0,3.5078
51,Linux Host,96,seq,7,4096.0,1024000.0,read,local,255997.0,57220.27,1023988.0,228881.1,4.4702,255997.0,0.09,0.12,22.62,0.1,30.43835,36571.0,4.3483
52,Linux Host,96,rnd,7,4096.0,1024000.0,write,global,11784.0,392.59,47136.0,1570.37,30.0127,11784.0,6.37,17.82,33.3,20.0,210.0434,1683.4286,30.0062
53,Linux Host,96,rnd,7,4096.0,1024000.0,write,local,39836.0,1327.48,159344.0,5309.93,30.0051,39836.0,2.21,5.27,34.66,5.18,209.99073,5690.8571,29.9987
54,Linux Host,96,seq,7,4096.0,1024000.0,write,global,96607.0,3219.91,386428.0,12879.63,30.0014,96607.0,0.23,2.17,10.32,3.62,209.91758,13801.0,29.9882
55,Linux Host,96,seq,7,4096.0,1024000.0,write,local,255997.0,28695.82,1023988.0,114783.26,8.9174,255997.0,0.21,0.24,24.81,0.23,61.848910000000004,36571.0,8.8356
56,Linux Host,96,rnd,8,4096.0,1024000.0,read,global,99621.0,3320.07,398484.0,13280.28,30.0024,99621.0,2.35,2.41,12.71,2.48,239.95193,12452.625,29.994
57,Linux Host,96,rnd,8,4096.0,1024000.0,read,local,95244.0,3173.87,380976.0,12695.47,30.0055,95244.0,2.35,2.52,43.41,2.52,239.94538,11905.5,29.9932
58,Linux Host,96,seq,8,4096.0,1024000.0,read,global,256000.0,78982.2,1024000.0,315928.8,3.2379,256000.0,0.09,0.1,11.54,0.11,25.39506,32000.0,3.1744
59,Linux Host,96,seq,8,4096.0,1024000.0,read,local,256000.0,62703.45,1024000.0,250813.81,4.0791,256000.0,0.09,0.12,25.59,0.1,31.678810000000002,32000.0,3.9599
60,Linux Host,96,rnd,8,4096.0,1024000.0,write,global,12602.0,419.83,50408.0,1679.32,30.0136,12602.0,7.36,19.05,39.8,21.89,240.0404,1575.25,30.0051
61,Linux Host,96,rnd,8,4096.0,1024000.0,write,local,45071.0,1501.93,180284.0,6007.72,30.0051,45071.0,2.2,5.32,37.23,5.28,239.98526,5633.875,29.9982
62,Linux Host,96,seq,8,4096.0,1024000.0,write,global,77667.0,2588.39,310668.0,10353.54,30.0018,77667.0,0.24,3.09,19.39,6.32,239.94070000000002,9708.375,29.9926
63,Linux Host,96,seq,8,4096.0,1024000.0,write,local,256000.0,31700.09,1024000.0,126800.36,8.072,256000.0,0.21,0.25,25.39,0.23,62.9921,32000.0,7.874
64,Linux Host,96,rnd,9,4096.0,1024000.0,read,global,111641.0,3720.69,446564.0,14882.76,30.002,111641.0,2.35,2.42,11.15,2.48,269.93098,12404.5556,29.9923
65,Linux Host,96,rnd,9,4096.0,1024000.0,read,local,105667.0,3521.46,422668.0,14085.83,30.0033,105667.0,2.35,2.55,38.93,2.71,269.94075,11740.7778,29.9934
66,Linux Host,96,seq,9,4096.0,1024000.0,read,global,255996.0,89473.53,1023984.0,357894.12,2.8574,255996.0,0.09,0.1,11.72,0.1,24.63919,28444.0,2.7377
67,Linux Host,96,seq,9,4096.0,1024000.0,read,local,255996.0,64490.37,1023984.0,257961.48,3.9658,255996.0,0.09,0.13,29.2,0.11,32.950489999999995,28444.0,3.6612
68,Linux Host,96,rnd,9,4096.0,1024000.0,write,global,14466.0,481.88,57864.0,1927.53,30.0164,14466.0,10.5,18.67,48.49,21.11,270.08049,1607.3333,30.0089
69,Linux Host,96,rnd,9,4096.0,1024000.0,write,local,50792.0,1692.58,203168.0,6770.33,30.0049,50792.0,2.21,5.32,49.34,5.28,269.98763,5643.5556,29.9986
70,Linux Host,96,seq,9,4096.0,1024000.0,write,global,119114.0,3969.79,476456.0,15879.15,30.0017,119114.0,0.23,2.27,13.76,3.96,269.86460999999997,13234.8889,29.985
71,Linux Host,96,seq,9,4096.0,1024000.0,write,local,255996.0,35541.32,1023984.0,142165.27,7.199,255996.0,0.21,0.25,26.04,0.23,63.96466,28444.0,7.1072
72,Linux Host,96,rnd,10,4096.0,1024000.0,read,global,119645.0,3987.33,478580.0,15949.33,30.0026,119645.0,2.35,2.51,11.79,2.61,299.93465999999995,11964.5,29.9935
73,Linux Host,96,rnd,10,4096.0,1024000.0,read,local,118678.0,3954.92,474712.0,15819.67,30.0041,118678.0,2.35,2.53,53.72,2.48,299.92787,11867.8,29.9928
74,Linux Host,96,seq,10,4096.0,1024000.0,read,global,256000.0,95733.24,1024000.0,382932.97,2.6704,256000.0,0.09,0.1,5.64,0.19,25.51498,25600.0,2.5515
75,Linux Host,96,seq,10,4096.0,1024000.0,read,local,256000.0,68178.37,1024000.0,272713.48,3.7512,256000.0,0.09,0.14,20.79,0.18,34.88351,25600.0,3.4884
76,Linux Host,96,rnd,10,4096.0,1024000.0,write,global,14903.0,496.41,59612.0,1985.63,30.018,14903.0,11.57,20.14,60.67,23.52,300.11681,1490.3,30.0117
77,Linux Host,96,rnd,10,4096.0,1024000.0,write,local,56249.0,1874.43,224996.0,7497.7,30.0052,56249.0,2.2,5.33,51.71,5.37,299.98141,5624.9,29.9981
78,Linux Host,96,seq,10,4096.0,1024000.0,write,global,102836.0,3427.25,411344.0,13709.0,30.0017,102836.0,0.49,2.92,15.74,5.88,299.8748,10283.6,29.9875
79,Linux Host,96,seq,10,4096.0,1024000.0,write,local,256000.0,38413.19,1024000.0,153652.76,6.6603,256000.0,0.21,0.25,32.22,0.23,65.06694,25600.0,6.5067
80,Linux Host,96,rnd,11,4096.0,1024000.0,read,global,134969.0,4498.08,539876.0,17992.3,30.0026,134969.0,2.35,2.44,14.41,2.57,329.92474,12269.9091,29.9932
81,Linux Host,96,rnd,11,4096.0,1024000.0,read,local,128668.0,4288.08,514672.0,17152.32,30.0024,128668.0,2.35,2.56,59.5,2.66,329.92599,11697.0909,29.9933
82,Linux Host,96,seq,11,4096.0,1024000.0,read,global,255992.0,104780.15,1023968.0,419120.6,2.4395,255992.0,0.09,0.1,13.27,0.19,25.46104,23272.0,2.3146
83,Linux Host,96,seq,11,4096.0,1024000.0,read,local,255992.0,75105.08,1023968.0,300420.3,3.4045,255992.0,0.09,0.14,28.87,0.11,34.99822,23272.0,3.1817
84,Linux Host,96,rnd,11,4096.0,1024000.0,write,global,13337.0,444.36,53348.0,1777.46,30.0121,13337.0,13.32,24.75,67.64,30.81,330.04285999999996,1212.4545,30.0039
85,Linux Host,96,rnd,11,4096.0,1024000.0,write,local,61837.0,2060.63,247348.0,8242.51,30.0052,61837.0,2.21,5.34,70.09,5.28,329.9678,5621.5455,29.9971
86,Linux Host,96,seq,11,4096.0,1024000.0,write,global,117020.0,3899.99,468080.0,15599.95,30.0015,117020.0,0.26,2.82,22.16,5.18,329.80343,10638.1818,29.9821
87,Linux Host,96,seq,11,4096.0,1024000.0,write,local,255992.0,41898.08,1023968.0,167592.32,6.106,255992.0,0.21,0.26,32.75,0.23,66.2881,23272.0,6.0262
88,Linux Host,96,rnd,12,4096.0,1024000.0,read,global,148543.0,4950.47,594172.0,19801.87,30.0025,148543.0,2.35,2.42,11.53,2.57,359.92873,12378.5833,29.9941
89,Linux Host,96,rnd,12,4096.0,1024000.0,read,local,139265.0,4641.24,557060.0,18564.97,30.0025,139265.0,2.35,2.58,61.6,2.66,359.91517,11605.4167,29.9929
90,Linux Host,96,seq,12,4096.0,1024000.0,read,global,255996.0,108854.02,1023984.0,435416.08,2.3481,255996.0,0.09,0.1,12.89,0.19,26.52298,21333.0,2.2102
91,Linux Host,96,seq,12,4096.0,1024000.0,read,local,255996.0,78871.63,1023984.0,315486.54,3.2418,255996.0,0.09,0.14,32.84,0.11,36.502269999999996,21333.0,3.0419
92,Linux Host,96,rnd,12,4096.0,1024000.0,write,global,12653.0,421.5,50612.0,1686.01,30.015,12653.0,20.64,28.46,80.0,31.94,360.088,1054.4167,30.0073
93,Linux Host,96,rnd,12,4096.0,1024000.0,write,local,67627.0,2253.47,270508.0,9013.88,30.0084,67627.0,2.2,5.32,73.45,5.28,359.9821,5635.5833,29.9985
94,Linux Host,96,seq,12,4096.0,1024000.0,write,global,118582.0,3951.9,474328.0,15807.58,30.0026,118582.0,0.51,3.03,19.58,5.99,359.86058,9881.8333,29.9884
95,Linux Host,96,seq,12,4096.0,1024000.0,write,local,255996.0,40624.78,1023984.0,162499.1,6.2974,255996.0,0.21,0.27,29.9,0.34,68.81032,21333.0,5.7342
96,Linux Host,96,rnd,13,4096.0,1024000.0,read,global,160221.0,5339.68,640884.0,21358.71,30.0024,160221.0,2.35,2.43,14.54,2.52,389.91357,12324.6923,29.9934
97,Linux Host,96,rnd,13,4096.0,1024000.0,read,local,150071.0,5001.39,600284.0,20005.56,30.0027,150071.0,2.36,2.6,85.13,2.97,389.88087,11543.9231,29.9908
98,Linux Host,96,seq,13,4096.0,1024000.0,read,global,255996.0,120726.4,1023984.0,482905.61,2.1172,255996.0,0.09,0.1,14.29,0.19,25.994580000000003,19692.0,1.9996
99,Linux Host,96,seq,13,4096.0,1024000.0,read,local,255996.0,66226.69,1023984.0,264906.75,3.8617,255996.0,0.09,0.16,27.15,0.22,42.01557,19692.0,3.232
100,Linux Host,96,rnd,13,4096.0,1024000.0,write,global,19113.0,636.72,76452.0,2546.9,30.0141,19113.0,14.16,20.41,99.08,24.83,390.03305,1470.2308,30.0025
101,Linux Host,96,rnd,13,4096.0,1024000.0,write,local,72510.0,2416.31,290040.0,9665.23,30.0053,72510.0,2.19,5.38,111.53,5.37,389.97684999999996,5577.6923,29.9982
102,Linux Host,96,seq,13,4096.0,1024000.0,write,global,114053.0,3800.99,456212.0,15203.94,30.0029,114053.0,0.34,3.42,28.36,7.04,389.7679,8773.3077,29.9821
103,Linux Host,96,seq,13,4096.0,1024000.0,write,local,255996.0,43855.16,1023984.0,175420.63,5.8331,255996.0,0.21,0.27,41.89,0.34,70.22521,19692.0,5.4019
104,Linux Host,96,rnd,14,4096.0,1024000.0,read,global,170025.0,5666.72,680100.0,22666.89,30.0024,170025.0,2.35,2.47,19.69,2.57,419.89346,12144.6429,29.9924
105,Linux Host,96,rnd,14,4096.0,1024000.0,read,local,160047.0,5333.83,640188.0,21335.32,30.0026,160047.0,2.35,2.62,84.5,3.82,419.90783,11431.9286,29.9934
106,Linux Host,96,seq,14,4096.0,1024000.0,read,global,255990.0,126248.33,1023960.0,504993.3,2.024,255990.0,0.09,0.1,14.42,0.19,26.59082,18285.0,1.8993
107,Linux Host,96,seq,14,4096.0,1024000.0,read,local,255990.0,83751.57,1023960.0,335006.26,3.0525,255990.0,0.09,0.15,37.86,0.11,38.81102,18285.0,2.7722
108,Linux Host,96,rnd,14,4096.0,1024000.0,write,global,17234.0,574.04,68936.0,2296.18,30.0185,17234.0,18.24,24.38,112.8,27.66,420.11111999999997,1231.0,30.0079
109,Linux Host,96,rnd,14,4096.0,1024000.0,write,local,77707.0,2589.54,310828.0,10358.16,30.0047,77707.0,2.21,5.4,110.56,5.57,419.94745,5550.5,29.9962
110,Linux Host,96,seq,14,4096.0,1024000.0,write,global,112065.0,3734.89,448260.0,14939.56,30.0019,112065.0,0.47,3.75,30.42,8.13,419.73945000000003,8004.6429,29.9814
111,Linux Host,96,seq,14,4096.0,1024000.0,write,local,255990.0,44873.83,1023960.0,179495.31,5.7005,255990.0,0.21,0.28,39.54,0.34,72.08238,18285.0,5.1487
112,Linux Host,96,rnd,15,4096.0,1024000.0,read,global,185960.0,6197.45,743840.0,24789.81,30.0025,185960.0,2.35,2.42,15.31,2.48,449.89624,12397.3333,29.9931
113,Linux Host,96,rnd,15,4096.0,1024000.0,read,local,149188.0,4971.3,596752.0,19885.19,30.0063,149188.0,2.35,3.02,94.03,5.28,449.9075,9945.8667,29.9938
114,Linux Host,96,seq,15,4096.0,1024000.0,read,global,255990.0,128115.69,1023960.0,512462.78,1.9944,255990.0,0.09,0.11,19.06,0.19,27.717299999999998,17066.0,1.8478
115,Linux Host,96,seq,15,4096.0,1024000.0,read,local,255990.0,62021.96,1023960.0,248087.84,4.1233,255990.0,0.09,0.19,39.06,0.28,48.80604,17066.0,3.2537
116,Linux Host,96,rnd,15,4096.0,1024000.0,write,global,15270.0,508.64,61080.0,2034.58,30.0177,15270.0,19.09,29.48,142.59,37.56,450.09373,1018.0,30.0062
117,Linux Host,96,rnd,15,4096.0,1024000.0,write,local,82790.0,2758.89,331160.0,11035.55,30.0051,82790.0,2.21,5.43,133.51,5.67,449.9478,5519.3333,29.9965
118,Linux Host,96,seq,15,4096.0,1024000.0,write,global,97627.0,3253.59,390508.0,13014.38,30.0029,97627.0,0.54,4.61,31.81,12.3,449.73705,6508.4667,29.9825
119,Linux Host,96,seq,15,4096.0,1024000.0,write,local,255990.0,44185.42,1023960.0,176741.69,5.7899,255990.0,0.21,0.29,51.81,0.35,74.25389,17066.0,4.9503
120,Linux Host,96,rnd,16,4096.0,1024000.0,read,global,190160.0,6337.79,760640.0,25351.16,30.0025,190160.0,2.35,2.52,13.93,2.71,479.90762,11885.0,29.9942
121,Linux Host,96,rnd,16,4096.0,1024000.0,read,local,154605.0,5152.42,618420.0,20609.68,30.0042,154605.0,2.35,3.1,122.46,5.37,479.85254,9662.8125,29.9908
122,Linux Host,96,seq,16,4096.0,1024000.0,read,global,256000.0,131630.96,1024000.0,526523.82,1.9413,256000.0,0.09,0.11,17.4,0.19,28.18257,16000.0,1.7614
123,Linux Host,96,seq,16,4096.0,1024000.0,read,local,256000.0,73167.18,1024000.0,292668.7,3.4948,256000.0,0.09,0.18,42.72,0.2,45.569720000000004,16000.0,2.8481
124,Linux Host,96,rnd,16,4096.0,1024000.0,write,global,16653.0,554.76,66612.0,2219.04,30.0149,16653.0,16.6,28.83,137.22,34.33,480.07484000000005,1040.8125,30.0047
125,Linux Host,96,rnd,16,4096.0,1024000.0,write,local,88730.0,2956.82,354920.0,11827.3,30.0051,88730.0,2.2,5.41,162.49,5.67,479.94195,5545.625,29.9964
126,Linux Host,96,seq,16,4096.0,1024000.0,write,global,106536.0,3550.41,426144.0,14201.65,30.0037,106536.0,0.5,4.5,51.34,10.27,479.7136,6658.5,29.9821
127,Linux Host,96,seq,16,4096.0,1024000.0,write,local,256000.0,43217.32,1024000.0,172869.29,5.9195,256000.0,0.21,0.3,62.41,0.36,76.54942,16000.0,4.7843
128,Linux Host,96,rnd,17,4096.0,1024000.0,read,global,208555.0,6950.52,834220.0,27802.07,30.0023,208555.0,2.35,2.44,11.56,2.66,509.88223999999997,12267.9412,29.9931
129,Linux Host,96,rnd,17,4096.0,1024000.0,read,local,164701.0,5488.67,658804.0,21954.7,30.0042,164701.0,2.35,3.1,115.28,5.28,509.87996999999996,9688.2941,29.9929
130,Linux Host,96,seq,17,4096.0,1024000.0,read,global,255986.0,130667.52,1023944.0,522670.09,1.9555,255986.0,0.09,0.11,8.99,0.19,28.749779999999998,15058.0,1.6912
131,Linux Host,96,seq,17,4096.0,1024000.0,read,local,255986.0,79477.39,1023944.0,317909.58,3.2169,255986.0,0.09,0.18,45.88,0.21,45.37654,15058.0,2.6692
132,Linux Host,96,rnd,17,4096.0,1024000.0,write,global,16723.0,557.08,66892.0,2228.32,30.0175,16723.0,18.8,30.5,157.09,36.89,510.12583,983.7059,30.0074
133,Linux Host,96,rnd,17,4096.0,1024000.0,write,local,92783.0,3091.87,371132.0,12367.49,30.0053,92783.0,2.2,5.5,183.79,6.43,509.95043,5457.8235,29.9971
134,Linux Host,96,seq,17,4096.0,1024000.0,write,global,143239.0,4774.14,572956.0,19096.57,30.0016,143239.0,0.54,3.54,65.57,7.84,506.91496,8425.8235,29.8185
135,Linux Host,96,seq,17,4096.0,1024000.0,write,local,255986.0,44862.76,1023944.0,179451.03,5.7019,255986.0,0.21,0.31,73.73,0.35,78.28403,15058.0,4.6049
136,Linux Host,96,rnd,18,4096.0,1024000.0,read,global,217158.0,7237.18,868632.0,28948.7,30.0025,217158.0,2.35,2.49,13.3,2.57,539.88148,12064.3333,29.9934
137,Linux Host,96,rnd,18,4096.0,1024000.0,read,local,181310.0,6042.07,725240.0,24168.27,30.0048,181310.0,2.35,2.98,143.47,5.0,539.83956,10072.7778,29.9911
138,Linux Host,96,seq,18,4096.0,1024000.0,read,global,255996.0,149143.88,1023984.0,596575.53,1.7132,255996.0,0.09,0.11,9.26,0.19,28.24652,14222.0,1.5693
139,Linux Host,96,seq,18,4096.0,1024000.0,read,local,255996.0,66190.57,1023984.0,264762.28,3.8635,255996.0,0.09,0.2,48.7,0.3,51.33165,14222.0,2.8518
140,Linux Host,96,rnd,18,4096.0,1024000.0,write,global,15898.0,529.56,63592.0,2118.22,30.0177,15898.0,18.8,33.97,177.24,41.1,540.10773,883.2222,30.006
141,Linux Host,96,rnd,18,4096.0,1024000.0,write,local,97706.0,3255.92,390824.0,13023.68,30.0054,97706.0,2.2,5.53,313.58,6.09,539.92769,5428.1111,29.996
142,Linux Host,96,seq,18,4096.0,1024000.0,write,global,133765.0,4457.97,535060.0,17831.86,30.0028,133765.0,0.28,3.84,50.63,9.56,513.26956,7431.3889,28.515
143,Linux Host,96,seq,18,4096.0,1024000.0,write,local,255996.0,44357.71,1023984.0,177430.82,5.7671,255996.0,0.21,0.33,82.39,0.49,85.05857,14222.0,4.7255
144,Linux Host,96,rnd,19,4096.0,1024000.0,read,global,205058.0,6834.2,820232.0,27336.79,30.0031,205058.0,2.41,2.78,13.01,2.97,569.8395899999999,10792.5263,29.9916
145,Linux Host,96,rnd,19,4096.0,1024000.0,read,local,180734.0,6023.47,722936.0,24093.9,30.0033,180734.0,2.35,3.15,163.88,5.18,569.80175,9512.3158,29.9896
146,Linux Host,96,seq,19,4096.0,1024000.0,read,global,255987.0,149954.92,1023948.0,599819.68,1.7039,255987.0,0.09,0.11,20.25,0.19,28.49244,13473.0,1.4996
147,Linux Host,96,seq,19,4096.0,1024000.0,read,local,255987.0,67168.63,1023948.0,268674.53,3.8069,255987.0,0.09,0.21,47.22,0.29,52.856730000000006,13473.0,2.7819
148,Linux Host,96,rnd,19,4096.0,1024000.0,write,global,13798.0,459.53,55192.0,1838.13,30.0225,13798.0,21.29,41.32,184.55,65.65,570.18579,726.2105,30.0098
149,Linux Host,96,rnd,19,4096.0,1024000.0,write,local,102279.0,3408.28,409116.0,13633.13,30.0056,102279.0,2.21,5.57,279.91,5.88,569.87614,5383.1053,29.9935
150,Linux Host,96,seq,19,4096.0,1024000.0,write,global,145791.0,4859.09,583164.0,19436.36,30.0023,145791.0,0.55,3.84,70.93,9.39,559.57073,7673.2105,29.4511
151,Linux Host,96,seq,19,4096.0,1024000.0,write,local,255987.0,49612.37,1023948.0,198449.47,5.1557,255987.0,0.21,0.32,97.16,0.37,82.88888,13473.0,4.3626
152,Linux Host,96,rnd,20,4096.0,1024000.0,read,global,234456.0,7814.01,937824.0,31256.05,30.0028,234456.0,2.35,2.56,17.46,2.66,599.83911,11722.8,29.992
153,Linux Host,96,rnd,20,4096.0,1024000.0,read,local,179046.0,5966.98,716184.0,23867.91,30.0046,179046.0,2.35,3.35,210.65,5.67,599.73602,8952.3,29.9868
154,Linux Host,96,seq,20,4096.0,1024000.0,read,global,256000.0,157110.24,1024000.0,628440.96,1.6259,256000.0,0.09,0.11,24.6,0.19,28.52669,12800.0,1.4263
155,Linux Host,96,seq,20,4096.0,1024000.0,read,local,256000.0,63592.43,1024000.0,254369.73,4.0214,256000.0,0.09,0.25,53.34,0.31,64.04379,12800.0,3.2022
156,Linux Host,96,rnd,20,4096.0,1024000.0,write,global,13376.0,445.46,53504.0,1781.84,30.0253,13376.0,19.34,44.87,308.53,68.05,600.23532,668.8,30.0118
157,Linux Host,96,rnd,20,4096.0,1024000.0,write,local,105435.0,3513.6,421740.0,14054.41,30.0061,105435.0,2.22,5.69,408.09,6.55,599.86389,5271.75,29.9932
158,Linux Host,96,seq,20,4096.0,1024000.0,write,global,132059.0,4400.91,528236.0,17603.63,30.0041,132059.0,0.54,4.54,42.91,12.52,599.6510999999999,6602.95,29.9826
159,Linux Host,96,seq,20,4096.0,1024000.0,write,local,256000.0,50062.9,1024000.0,200251.6,5.11,256000.0,0.21,0.33,68.41,0.37,85.51089999999999,12800.0,4.2755
160,Linux Host,96,rnd,21,4096.0,1024000.0,read,global,250906.0,8361.85,1003624.0,33447.39,30.0026,250906.0,2.35,2.51,17.97,2.66,629.83151,11947.9048,29.992
161,Linux Host,96,rnd,21,4096.0,1024000.0,read,local,180202.0,6005.48,720808.0,24021.91,30.0048,180202.0,2.36,3.5,197.8,5.77,629.83858,8581.0476,29.9923
162,Linux Host,96,seq,21,4096.0,1024000.0,read,global,255990.0,163075.8,1023960.0,652303.2,1.5661,255990.0,0.09,0.12,19.58,0.2,30.25497,12190.0,1.4407
163,Linux Host,96,seq,21,4096.0,1024000.0,read,local,255990.0,73064.76,1023960.0,292259.05,3.4997,255990.0,0.09,0.22,71.0,0.3,57.31676,12190.0,2.7294
164,Linux Host,96,rnd,21,4096.0,1024000.0,write,global,16052.0,534.61,64208.0,2138.45,30.0223,16052.0,22.14,39.26,281.52,59.99,630.17545,764.381,30.0084
165,Linux Host,96,rnd,21,4096.0,1024000.0,write,local,109510.0,3649.07,438040.0,14596.26,30.0071,109510.0,2.21,5.75,413.06,6.79,629.8983499999999,5214.7619,29.9952
166,Linux Host,96,seq,21,4096.0,1024000.0,write,global,180917.0,6029.49,723668.0,24117.95,30.0021,180917.0,0.54,3.37,67.67,6.91,609.05625,8615.0952,29.0027
167,Linux Host,96,seq,21,4096.0,1024000.0,write,local,255990.0,45586.47,1023960.0,182345.86,5.6118,255990.0,0.21,0.36,88.74,0.68,91.86079,12190.0,4.3743
168,Linux Host,96,rnd,22,4096.0,1024000.0,read,global,255977.0,8531.05,1023908.0,34124.2,30.0014,255977.0,2.35,2.45,16.04,2.57,626.86583,11635.3182,28.4939
169,Linux Host,96,rnd,22,4096.0,1024000.0,read,local,180585.0,6018.03,722340.0,24072.11,30.0058,180585.0,2.36,3.65,219.97,5.57,659.8210600000001,8208.4091,29.9919
170,Linux Host,96,seq,22,4096.0,1024000.0,read,global,255992.0,161300.69,1023968.0,645202.74,1.5834,255992.0,0.09,0.11,28.74,0.19,28.64163,11636.0,1.3019
171,Linux Host,96,seq,22,4096.0,1024000.0,read,local,255992.0,61590.58,1023968.0,246362.31,4.1546,255992.0,0.09,0.27,47.22,0.53,70.24652,11636.0,3.193
172,Linux Host,96,rnd,22,4096.0,1024000.0,write,global,16687.0,555.79,66748.0,2223.17,30.0222,16687.0,22.49,39.57,347.27,63.32,660.24245,758.5,30.011
173,Linux Host,96,rnd,22,4096.0,1024000.0,write,local,114078.0,3801.73,456312.0,15206.9,30.0054,114078.0,2.2,5.78,333.55,6.55,659.80812,5185.3636,29.9913
174,Linux Host,96,seq,22,4096.0,1024000.0,write,global,176268.0,5874.44,705072.0,23497.77,30.0029,176268.0,0.43,3.58,60.87,7.56,631.88772,8012.1818,28.7222
175,Linux Host,96,seq,22,4096.0,1024000.0,write,local,255992.0,51098.27,1023968.0,204393.07,5.0064,255992.0,0.21,0.37,89.12,0.52,93.95509,11636.0,4.2707
176,Linux Host,96,rnd,23,4096.0,1024000.0,read,global,255921.0,8529.32,1023684.0,34117.28,30.001,255921.0,2.35,2.49,14.87,2.66,638.15687,11127.0,27.746
177,Linux Host,96,rnd,23,4096.0,1024000.0,read,local,178034.0,5933.06,712136.0,23732.24,30.0039,178034.0,2.36,3.87,275.74,5.77,688.1815600000001,7740.6087,29.9209
178,Linux Host,96,seq,23,4096.0,1024000.0,read,global,255990.0,177366.29,1023960.0,709465.17,1.4417,255990.0,0.09,0.11,24.97,0.19,28.67946,11130.0,1.2469
179,Linux Host,96,seq,23,4096.0,1024000.0,read,local,255990.0,65960.0,1023960.0,263839.98,3.8768,255990.0,0.09,0.28,62.85,0.39,71.10419,11130.0,3.0915
180,Linux Host,96,rnd,23,4096.0,1024000.0,write,global,14727.0,490.38,58908.0,1961.53,30.0282,14727.0,20.82,46.87,309.95,80.03,690.3251700000001,640.3043,30.0141
181,Linux Host,96,rnd,23,4096.0,1024000.0,write,local,115151.0,3836.96,460604.0,15347.85,30.008,115151.0,2.21,5.99,439.41,7.98,689.90229,5006.5652,29.9958
182,Linux Host,96,seq,23,4096.0,1024000.0,write,global,176586.0,5884.9,706344.0,23539.61,30.0035,176586.0,0.53,3.68,75.31,8.43,649.4784000000001,7677.6522,28.2382
183,Linux Host,96,seq,23,4096.0,1024000.0,write,local,255990.0,42510.78,1023960.0,170043.12,6.0179,255990.0,0.21,0.4,120.39,0.65,102.87550999999999,11130.0,4.4728
184,Linux Host,96,rnd,24,4096.0,1024000.0,read,global,255984.0,8790.16,1023936.0,35160.66,29.1178,255984.0,2.35,2.48,14.35,2.66,633.85012,10666.0,26.4104
185,Linux Host,96,rnd,24,4096.0,1024000.0,read,local,180776.0,6024.22,723104.0,24096.88,30.0051,180776.0,2.36,3.96,210.83,5.67,715.25721,7532.3333,29.8024
186,Linux Host,96,seq,24,4096.0,1024000.0,read,global,255984.0,162522.79,1023936.0,650091.17,1.5719,255984.0,0.09,0.12,30.49,0.19,29.865209999999998,10666.0,1.2444
187,Linux Host,96,seq,24,4096.0,1024000.0,read,local,255984.0,61437.63,1023936.0,245750.52,4.1624,255984.0,0.09,0.3,60.87,0.36,75.66163,10666.0,3.1526
188,Linux Host,96,rnd,24,4096.0,1024000.0,write,global,16192.0,539.21,64768.0,2156.86,30.0256,16192.0,22.19,44.48,463.14,86.0,720.1416700000001,674.6667,30.0059
189,Linux Host,96,rnd,24,4096.0,1024000.0,write,local,121550.0,4050.3,486200.0,16201.19,30.0068,121550.0,2.24,5.92,707.49,6.91,719.73209,5064.5833,29.9888
190,Linux Host,96,seq,24,4096.0,1024000.0,write,global,207965.0,6930.96,831860.0,27723.83,30.0021,207965.0,0.53,3.28,69.49,6.21,682.38301,8665.2083,28.4326
191,Linux Host,96,seq,24,4096.0,1024000.0,write,local,255984.0,43823.31,1023936.0,175293.25,5.8394,255984.0,0.21,0.45,114.64,0.7,113.95722,10666.0,4.7482
192,Linux Host,96,rnd,25,4096.0,1024000.0,read,global,256000.0,9310.2,1024000.0,37240.79,27.4929,256000.0,2.35,2.49,14.52,2.61,638.1158800000001,10240.0,25.5246
193,Linux Host,96,rnd,25,4096.0,1024000.0,read,local,179369.0,5977.47,717476.0,23909.9,30.006,179369.0,2.35,4.15,186.54,8.58,744.898,7174.76,29.7959
194,Linux Host,96,seq,25,4096.0,1024000.0,read,global,256000.0,195361.72,1024000.0,781446.87,1.3068,256000.0,0.09,0.11,14.39,0.19,27.44719,10240.0,1.0979
195,Linux Host,96,seq,25,4096.0,1024000.0,read,local,256000.0,55908.75,1024000.0,223635.0,4.5752,256000.0,0.09,0.33,82.58,0.74,83.65382000000001,10240.0,3.3462
196,Linux Host,96,rnd,25,4096.0,1024000.0,write,global,16096.0,536.05,64384.0,2144.2,30.0255,16096.0,21.07,46.61,455.91,81.48,750.20939,643.84,30.0084
197,Linux Host,96,rnd,25,4096.0,1024000.0,write,local,122310.0,4075.89,489240.0,16303.55,30.0066,122310.0,2.22,6.13,436.28,7.3,749.7285,4892.4,29.9891
198,Linux Host,96,seq,25,4096.0,1024000.0,write,global,143103.0,4769.17,572412.0,19076.69,30.0028,143103.0,0.52,4.83,63.14,13.95,691.48931,5724.12,27.6596
199,Linux Host,96,seq,25,4096.0,1024000.0,write,local,256000.0,35910.42,1024000.0,143641.7,7.125,256000.0,0.21,0.52,123.39,1.61,132.19832,10240.0,5.2879
200,Linux Host,96,rnd,26,4096.0,1024000.0,read,global,255996.0,9936.98,1023984.0,39747.93,25.7582,255996.0,2.35,2.51,20.3,2.61,642.6470899999999,9846.0,24.7172
201,Linux Host,96,rnd,26,4096.0,1024000.0,read,local,172396.0,5743.3,689584.0,22973.22,30.0132,172396.0,2.35,4.5,236.15,9.22,775.43217,6630.6154,29.8243
202,Linux Host,96,seq,26,4096.0,1024000.0,read,global,255996.0,200210.2,1023984.0,800840.81,1.277,255996.0,0.09,0.11,18.69,0.19,27.93171,9846.0,1.0743
203,Linux Host,96,seq,26,4096.0,1024000.0,read,local,255996.0,64448.4,1023984.0,257793.61,3.9682,255996.0,0.09,0.29,70.17,0.37,73.53232000000001,9846.0,2.8282
204,Linux Host,96,rnd,26,4096.0,1024000.0,write,global,20895.0,695.97,83580.0,2783.88,30.02,20895.0,19.34,37.33,380.27,55.82,780.0909399999999,803.6538,30.0035
205,Linux Host,96,rnd,26,4096.0,1024000.0,write,local,128150.0,4270.39,512600.0,17081.54,30.0064,128150.0,2.22,6.08,498.63,7.04,779.7778000000001,4928.8462,29.9915
206,Linux Host,96,seq,26,4096.0,1024000.0,write,global,146078.0,4868.41,584312.0,19473.64,30.0038,146078.0,0.53,5.12,98.8,15.83,748.53998,5618.3846,28.79
207,Linux Host,96,seq,26,4096.0,1024000.0,write,local,255996.0,40745.47,1023984.0,162981.86,6.2791,255996.0,0.21,0.46,106.61,0.86,117.93591,9846.0,4.536
208,Linux Host,96,rnd,27,4096.0,1024000.0,read,global,255987.0,9695.42,1023948.0,38781.68,26.3989,255987.0,2.35,2.6,21.84,2.71,665.51742,9481.0,24.6488
209,Linux Host,96,rnd,27,4096.0,1024000.0,read,local,171453.0,5713.36,685812.0,22853.45,30.0061,171453.0,2.36,4.69,344.72,8.74,803.5451400000001,6350.1111,29.7609
210,Linux Host,96,seq,27,4096.0,1024000.0,read,global,255987.0,169170.96,1023948.0,676683.84,1.51,255987.0,0.09,0.12,25.3,0.21,31.78538,9481.0,1.1772
211,Linux Host,96,seq,27,4096.0,1024000.0,read,local,255987.0,66249.58,1023948.0,264998.32,3.8604,255987.0,0.09,0.32,74.5,0.35,81.05992,9481.0,3.0022
212,Linux Host,96,rnd,27,4096.0,1024000.0,write,global,20400.0,679.46,81600.0,2717.86,30.0204,20400.0,20.38,39.71,500.87,69.29,810.1047,755.5556,30.0039
213,Linux Host,96,rnd,27,4096.0,1024000.0,write,local,129182.0,4304.56,516728.0,17218.25,30.0074,129182.0,2.23,6.27,576.5,7.98,809.75412,4784.5185,29.9909
214,Linux Host,96,seq,27,4096.0,1024000.0,write,global,182889.0,6095.23,731556.0,24380.93,30.0022,182889.0,0.53,4.09,88.2,10.46,747.4009699999999,6773.6667,27.6815
215,Linux Host,96,seq,27,4096.0,1024000.0,write,local,255987.0,43622.31,1023948.0,174489.24,5.8649,255987.0,0.21,0.46,128.99,0.87,116.90164,9481.0,4.3297
216,Linux Host,96,rnd,28,4096.0,1024000.0,read,global,255976.0,10507.88,1023904.0,42031.54,24.3564,255976.0,2.35,2.53,16.45,2.61,648.7020500000001,9142.0,23.1679
217,Linux Host,96,rnd,28,4096.0,1024000.0,read,local,170448.0,5680.2,681792.0,22720.78,30.0053,170448.0,2.36,4.87,316.09,9.22,830.6896899999999,6087.4286,29.6675
218,Linux Host,96,seq,28,4096.0,1024000.0,read,global,255976.0,198444.47,1023904.0,793777.88,1.2884,255976.0,0.09,0.11,12.07,0.2,29.01778,9142.0,1.0363
219,Linux Host,96,seq,28,4096.0,1024000.0,read,local,255976.0,62802.18,1023904.0,251208.7,4.0722,255976.0,0.09,0.33,80.49,0.6,84.21069,9142.0,3.0075
220,Linux Host,96,rnd,28,4096.0,1024000.0,write,global,13843.0,460.78,55372.0,1843.12,30.0389,13843.0,19.75,60.72,573.88,132.49,840.57636,494.3929,30.0206
221,Linux Host,96,rnd,28,4096.0,1024000.0,write,local,132677.0,4421.27,530708.0,17685.09,30.0058,132677.0,2.29,6.33,622.37,6.79,839.59098,4738.4643,29.9854
222,Linux Host,96,seq,28,4096.0,1024000.0,write,global,188984.0,6298.63,755936.0,25194.54,30.0025,188984.0,0.48,4.07,64.17,10.09,769.44409,6749.4286,27.4801
223,Linux Host,96,seq,28,4096.0,1024000.0,write,local,255976.0,35528.76,1023904.0,142115.05,7.2006,255976.0,0.21,0.56,145.66,1.06,143.78903,9142.0,5.1353
224,Linux Host,96,rnd,29,4096.0,1024000.0,read,global,255983.0,10528.91,1023932.0,42115.66,24.3085,255983.0,2.41,2.61,19.61,2.66,667.63438,8827.0,23.0219
225,Linux Host,96,rnd,29,4096.0,1024000.0,read,local,173067.0,5766.88,692268.0,23067.52,30.0073,173067.0,2.36,4.96,304.45,6.91,858.54432,5967.8276,29.605
226,Linux Host,96,seq,29,4096.0,1024000.0,read,global,255983.0,210294.57,1023932.0,841178.28,1.2136,255983.0,0.09,0.11,11.41,0.19,28.4603,8827.0,0.9814
227,Linux Host,96,seq,29,4096.0,1024000.0,read,local,255983.0,57735.45,1023932.0,230941.8,4.4299,255983.0,0.09,0.37,79.12,0.81,93.75958,8827.0,3.2331
228,Linux Host,96,rnd,29,4096.0,1024000.0,write,global,19211.0,639.75,76844.0,2558.99,30.0258,19211.0,22.05,45.3,543.26,90.78,870.23195,662.4483,30.008
229,Linux Host,96,rnd,29,4096.0,1024000.0,write,local,129750.0,4323.44,519000.0,17293.76,30.0076,129750.0,2.21,6.7,582.03,8.9,869.75834,4474.1379,29.9917
230,Linux Host,96,seq,29,4096.0,1024000.0,write,global,230889.0,7695.07,923556.0,30780.27,30.0015,230889.0,0.54,3.38,92.07,6.55,779.33575,7961.6897,26.8736
231,Linux Host,96,seq,29,4096.0,1024000.0,write,local,255983.0,42266.51,1023932.0,169066.05,6.0524,255983.0,0.21,0.54,175.92,1.01,139.36562,8827.0,4.8057
232,Linux Host,96,rnd,30,4096.0,1024000.0,read,global,255990.0,10652.35,1023960.0,42609.4,24.0275,255990.0,2.35,2.65,29.05,2.76,678.00745,8533.0,22.6002
233,Linux Host,96,rnd,30,4096.0,1024000.0,read,local,166218.0,5538.91,664872.0,22155.63,30.0062,166218.0,2.36,5.41,354.49,9.56,899.57422,5540.6,29.9858
234,Linux Host,96,seq,30,4096.0,1024000.0,read,global,255990.0,192708.21,1023960.0,770832.86,1.3248,255990.0,0.09,0.11,9.07,0.2,28.97928,8533.0,0.966
235,Linux Host,96,seq,30,4096.0,1024000.0,read,local,255990.0,51419.98,1023960.0,205679.93,4.9745,255990.0,0.09,0.4,79.73,0.78,101.34755,8533.0,3.3783
236,Linux Host,96,rnd,30,4096.0,1024000.0,write,global,17264.0,574.89,69056.0,2299.55,30.0285,17264.0,20.87,52.15,425.31,114.72,900.30912,575.4667,30.0103
237,Linux Host,96,rnd,30,4096.0,1024000.0,write,local,134054.0,4466.56,536216.0,17866.22,30.0098,134054.0,2.25,6.71,660.19,9.22,899.7991800000001,4468.4667,29.9933
238,Linux Host,96,seq,30,4096.0,1024000.0,write,global,245858.0,8194.22,983432.0,32776.86,30.0022,245858.0,0.45,3.15,93.84,5.77,774.1345600000001,8195.2667,25.8045
239,Linux Host,96,seq,30,4096.0,1024000.0,write,local,255990.0,35860.85,1023960.0,143443.42,7.1345,255990.0,0.21,0.63,161.54,1.5,161.41882999999999,8533.0,5.3806
240,Linux Host,96,rnd,31,4096.0,1024000.0,read,global,255998.0,11557.8,1023992.0,46231.2,22.1455,255998.0,2.35,2.58,30.12,2.66,659.26724,8258.0,21.2667
241,Linux Host,96,rnd,31,4096.0,1024000.0,read,local,166381.0,5544.5,665524.0,22177.99,30.0064,166381.0,2.36,5.59,851.62,9.39,929.61229,5367.129,29.9875
242,Linux Host,96,seq,31,4096.0,1024000.0,read,global,255998.0,209920.35,1023992.0,839681.39,1.2161,255998.0,0.09,0.12,8.48,0.2,29.53475,8258.0,0.9527
243,Linux Host,96,seq,31,4096.0,1024000.0,read,local,255998.0,55927.71,1023992.0,223710.85,4.5734,255998.0,0.09,0.4,92.96,0.84,101.18763,8258.0,3.2641
244,Linux Host,96,rnd,31,4096.0,1024000.0,write,global,18832.0,627.17,75328.0,2508.7,30.0234,18832.0,13.18,49.38,644.45,92.42,929.85683,607.4839,29.9954
245,Linux Host,96,rnd,31,4096.0,1024000.0,write,local,136244.0,4540.23,544976.0,18160.92,30.0067,136244.0,2.23,6.82,892.52,8.74,929.52823,4394.9677,29.9848
246,Linux Host,96,seq,31,4096.0,1024000.0,write,global,230005.0,7665.81,920020.0,30663.22,30.0023,230005.0,0.55,3.54,105.08,7.43,813.47348,7419.5161,26.2411
247,Linux Host,96,seq,31,4096.0,1024000.0,write,local,255998.0,32305.36,1023992.0,129221.44,7.9208,255998.0,0.21,0.66,145.76,2.14,167.75013,8258.0,5.4113
248,Linux Host,96,rnd,32,4096.0,1024000.0,read,global,256000.0,11823.07,1024000.0,47292.29,21.6486,256000.0,2.35,2.58,24.85,2.61,659.57321,8000.0,20.6117
249,Linux Host,96,rnd,32,4096.0,1024000.0,read,local,166884.0,5561.33,667536.0,22245.3,30.0048,166884.0,2.4,5.74,372.71,7.98,958.56699,5215.125,29.9552
250,Linux Host,96,seq,32,4096.0,1024000.0,read,global,256000.0,204769.45,1024000.0,819077.81,1.2465,256000.0,0.09,0.12,9.59,0.2,31.89945,8000.0,0.9969
251,Linux Host,96,seq,32,4096.0,1024000.0,read,local,256000.0,60445.89,1024000.0,241783.55,4.2316,256000.0,0.09,0.4,85.25,0.92,102.0306,8000.0,3.1885
252,Linux Host,96,rnd,32,4096.0,1024000.0,write,global,18647.0,620.94,74588.0,2483.76,30.0266,18647.0,11.17,51.49,613.81,108.68,960.0424399999999,582.7188,30.0013
253,Linux Host,96,rnd,32,4096.0,1024000.0,write,local,135244.0,4506.68,540976.0,18026.71,30.0071,135244.0,2.21,7.1,735.49,9.06,959.58342,4226.375,29.987
254,Linux Host,96,seq,32,4096.0,1024000.0,write,global,242062.0,8067.37,968248.0,32269.46,30.0019,242062.0,0.75,3.37,149.06,6.55,815.67733,7564.4375,25.4899
255,Linux Host,96,seq,32,4096.0,1024000.0,write,local,256000.0,39298.73,1024000.0,157194.92,6.5104,256000.0,0.21,0.6,158.06,1.89,152.80976,8000.0,4.7753
256,Linux Host,96,rnd,33,4096.0,1024000.0,read,global,255981.0,10784.76,1023924.0,43139.06,23.7316,255981.0,2.35,2.6,21.67,2.61,665.10582,7757.0,20.1547
257,Linux Host,96,rnd,33,4096.0,1024000.0,read,local,164715.0,5488.48,658860.0,21953.93,30.0095,164715.0,2.36,6.01,478.21,9.22,989.73335,4991.3636,29.9919
258,Linux Host,96,seq,33,4096.0,1024000.0,read,global,255981.0,214289.49,1023924.0,857157.97,1.1909,255981.0,0.09,0.12,8.45,0.21,29.99044,7757.0,0.9088
259,Linux Host,96,seq,33,4096.0,1024000.0,read,local,255981.0,57245.54,1023924.0,228982.14,4.4679,255981.0,0.09,0.42,85.02,1.18,108.45633000000001,7757.0,3.2866
260,Linux Host,96,rnd,33,4096.0,1024000.0,write,global,20469.0,681.62,81876.0,2726.5,30.0263,20469.0,22.11,48.37,517.37,101.13,990.15958,620.2727,30.0048
261,Linux Host,96,rnd,33,4096.0,1024000.0,write,local,137640.0,4586.55,550560.0,18346.21,30.0064,137640.0,2.36,7.19,1111.17,8.9,989.49682,4170.9091,29.9848
262,Linux Host,96,seq,33,4096.0,1024000.0,write,global,255981.0,8934.14,1023924.0,35736.55,28.648,255981.0,0.21,3.09,86.0,5.37,791.96352,7757.0,23.9989
263,Linux Host,96,seq,33,4096.0,1024000.0,write,local,255981.0,34015.29,1023924.0,136061.15,7.5214,255981.0,0.21,0.69,142.09,2.14,176.54091,7757.0,5.3497
264,Linux Host,96,rnd,34,4096.0,1024000.0,read,global,255986.0,12289.69,1023944.0,49158.77,20.8254,255986.0,2.35,2.6,22.58,2.66,666.36694,7529.0,19.599
265,Linux Host,96,rnd,34,4096.0,1024000.0,read,local,164173.0,5470.98,656692.0,21883.91,30.0065,164173.0,2.5,6.21,627.86,8.58,1019.65048,4828.6176,29.9897
266,Linux Host,96,seq,34,4096.0,1024000.0,read,global,255986.0,223528.51,1023944.0,894114.04,1.1415,255986.0,0.09,0.12,17.03,0.2,29.648049999999998,7529.0,0.872
267,Linux Host,96,seq,34,4096.0,1024000.0,read,local,255986.0,47535.33,1023944.0,190141.34,5.3833,255986.0,0.09,0.5,90.91,1.08,127.18336000000001,7529.0,3.7407
268,Linux Host,96,rnd,34,4096.0,1024000.0,write,global,17780.0,591.9,71120.0,2367.6,30.0352,17780.0,21.87,57.4,639.63,125.52,1020.48973,522.9412,30.0144
269,Linux Host,96,rnd,34,4096.0,1024000.0,write,local,140636.0,4686.51,562544.0,18746.04,30.0057,140636.0,2.53,7.25,1104.38,8.74,1019.5217299999999,4136.3529,29.9859
270,Linux Host,96,seq,34,4096.0,1024000.0,write,global,232160.0,7737.21,928640.0,30948.83,30.0024,232160.0,0.57,3.7,89.26,8.43,857.8749499999999,6828.2353,25.2316
271,Linux Host,96,seq,34,4096.0,1024000.0,write,local,255986.0,41639.54,1023944.0,166558.14,6.1439,255986.0,0.21,0.63,173.78,2.03,160.73954,7529.0,4.7276
272,Linux Host,96,rnd,35,4096.0,1024000.0,read,global,255990.0,10229.51,1023960.0,40918.06,25.0208,255990.0,2.35,2.69,27.3,3.55,689.05366,7314.0,19.6872
273,Linux Host,96,rnd,35,4096.0,1024000.0,read,local,163364.0,5443.68,653456.0,21774.71,30.0069,163364.0,2.52,6.42,489.19,8.58,1049.57721,4667.5429,29.9879
274,Linux Host,96,seq,35,4096.0,1024000.0,read,global,255990.0,195071.28,1023960.0,780285.11,1.309,255990.0,0.09,0.13,15.51,0.23,32.68778,7314.0,0.9339
275,Linux Host,96,seq,35,4096.0,1024000.0,read,local,255990.0,57375.46,1023960.0,229501.85,4.4598,255990.0,0.09,0.45,100.5,0.9,115.50191000000001,7314.0,3.3001
276,Linux Host,96,rnd,35,4096.0,1024000.0,write,global,22482.0,748.7,89928.0,2994.82,30.0252,22482.0,22.04,46.72,856.08,95.81,1050.2702,642.3429,30.0077
277,Linux Host,96,rnd,35,4096.0,1024000.0,write,local,131876.0,4394.81,527504.0,17579.24,30.0058,131876.0,2.22,7.96,1124.34,11.65,1049.4411100000002,3767.8857,29.984
278,Linux Host,96,seq,35,4096.0,1024000.0,write,global,220986.0,7365.3,883944.0,29461.2,30.0022,220986.0,0.67,4.03,101.94,10.09,890.95371,6313.8857,25.4558
279,Linux Host,96,seq,35,4096.0,1024000.0,write,local,255990.0,34273.87,1023960.0,137095.5,7.4654,255990.0,0.21,0.72,178.88,2.22,184.62496,7314.0,5.275
280,Linux Host,96,rnd,36,4096.0,1024000.0,read,global,255996.0,12495.12,1023984.0,49980.47,20.4838,255996.0,2.35,2.61,22.35,2.61,667.42888,7111.0,18.5397
281,Linux Host,96,rnd,36,4096.0,1024000.0,read,local,159810.0,5324.86,639240.0,21299.43,30.009,159810.0,2.36,6.75,509.32,10.65,1079.49121,4439.1667,29.9859
282,Linux Host,96,seq,36,4096.0,1024000.0,read,global,255996.0,209712.53,1023984.0,838850.11,1.2171,255996.0,0.09,0.12,16.81,0.22,31.69978,7111.0,0.8805
283,Linux Host,96,seq,36,4096.0,1024000.0,read,local,255996.0,52491.87,1023984.0,209967.46,4.8729,255996.0,0.09,0.48,87.81,1.23,123.74812,7111.0,3.4374
284,Linux Host,96,rnd,36,4096.0,1024000.0,write,global,20917.0,696.49,83668.0,2785.97,30.0283,20917.0,22.06,51.65,637.06,121.08,1080.40057,581.0278,30.0111
285,Linux Host,96,rnd,36,4096.0,1024000.0,write,local,137814.0,4591.5,551256.0,18365.99,30.012,137814.0,2.29,7.83,844.77,10.65,1079.5021399999998,3828.1667,29.9862
286,Linux Host,96,seq,36,4096.0,1024000.0,write,global,255996.0,11638.24,1023984.0,46552.96,21.9924,255996.0,0.21,2.93,109.59,4.03,749.19057,7111.0,20.8108
287,Linux Host,96,seq,36,4096.0,1024000.0,write,local,255996.0,31621.51,1023984.0,126486.04,8.0915,255996.0,0.21,0.79,173.34,2.97,202.66222,7111.0,5.6295
288,Linux Host,96,rnd,37,4096.0,1024000.0,read,global,255966.0,13350.31,1023864.0,53401.25,19.1691,255966.0,2.35,2.61,20.18,2.61,668.36593,6918.0,18.0639
289,Linux Host,96,rnd,37,4096.0,1024000.0,read,local,160108.0,5334.13,640432.0,21336.51,30.0144,160108.0,2.37,6.93,588.59,12.3,1109.58125,4327.2432,29.9887
290,Linux Host,96,seq,37,4096.0,1024000.0,read,global,255966.0,227568.47,1023864.0,910273.87,1.1213,255966.0,0.09,0.12,12.12,0.21,31.06496,6918.0,0.8396
291,Linux Host,96,seq,37,4096.0,1024000.0,read,local,255966.0,63142.67,1023864.0,252570.67,4.0498,255966.0,0.09,0.48,98.19,0.87,123.45501,6918.0,3.3366
292,Linux Host,96,rnd,37,4096.0,1024000.0,write,global,21570.0,718.24,86280.0,2872.97,30.0281,21570.0,22.58,51.47,569.64,104.84,1110.22252,582.973,30.006
293,Linux Host,96,rnd,37,4096.0,1024000.0,write,local,136190.0,4538.16,544760.0,18152.62,30.0073,136190.0,2.87,8.15,697.35,12.08,1109.46668,3680.8108,29.9856
294,Linux Host,96,seq,37,4096.0,1024000.0,write,global,238010.0,7932.26,952040.0,31729.03,30.002,238010.0,0.53,3.98,108.48,7.98,946.7638000000001,6432.7027,25.5882
295,Linux Host,96,seq,37,4096.0,1024000.0,write,local,255966.0,32259.0,1023864.0,129035.99,7.931,255966.0,0.21,0.8,149.31,2.43,205.906,6918.0,5.565
296,Linux Host,96,rnd,38,4096.0,1024000.0,read,global,255968.0,12483.33,1023872.0,49933.32,20.5008,255968.0,2.35,2.66,18.04,3.07,681.89775,6736.0,17.9447
297,Linux Host,96,rnd,38,4096.0,1024000.0,read,local,160327.0,5342.5,641308.0,21370.01,30.0083,160327.0,2.36,7.11,1098.53,9.39,1139.7715600000001,4219.1316,29.994
298,Linux Host,96,seq,38,4096.0,1024000.0,read,global,255968.0,205904.08,1023872.0,823616.33,1.2412,255968.0,0.09,0.13,20.25,0.22,32.67833,6736.0,0.86
299,Linux Host,96,seq,38,4096.0,1024000.0,read,local,255968.0,43991.71,1023872.0,175966.83,5.8145,255968.0,0.09,0.58,122.04,1.08,147.47437,6736.0,3.8809
300,Linux Host,96,rnd,38,4096.0,1024000.0,write,global,20823.0,693.29,83292.0,2773.17,30.0313,20823.0,22.41,54.76,1040.65,134.9,1140.30284,547.9737,30.008
301,Linux Host,96,rnd,38,4096.0,1024000.0,write,local,139362.0,4644.12,557448.0,18576.5,30.0068,139362.0,2.65,8.18,868.93,10.46,1139.2983000000002,3667.4211,29.9815
302,Linux Host,96,seq,38,4096.0,1024000.0,write,global,211525.0,7049.5,846100.0,28197.99,30.0026,211525.0,0.54,4.56,112.16,12.08,965.09076,5566.4474,25.3971
303,Linux Host,96,seq,38,4096.0,1024000.0,write,local,255968.0,29910.62,1023872.0,119642.47,8.5537,255968.0,0.21,0.86,159.98,2.39,220.13748,6736.0,5.7931
304,Linux Host,96,rnd,39,4096.0,1024000.0,read,global,255996.0,13328.79,1023984.0,53315.15,19.2023,255996.0,2.35,2.64,22.04,2.76,676.09611,6564.0,17.3358
305,Linux Host,96,rnd,39,4096.0,1024000.0,read,local,159122.0,5302.11,636488.0,21208.45,30.0084,159122.0,2.41,7.35,672.96,9.22,1169.49992,4080.0513,29.9872
306,Linux Host,96,seq,39,4096.0,1024000.0,read,global,255996.0,259377.09,1023984.0,1037508.36,0.9833,255996.0,0.09,0.12,16.28,0.21,31.19896,6564.0,0.8
307,Linux Host,96,seq,39,4096.0,1024000.0,read,local,255996.0,44460.53,1023984.0,177842.12,5.7539,255996.0,0.09,0.61,101.59,1.44,156.59154,6564.0,4.0152
308,Linux Host,96,rnd,39,4096.0,1024000.0,write,global,20216.0,673.14,80864.0,2692.57,30.0287,20216.0,22.48,57.89,778.73,142.39,1170.34944,518.359,30.009
309,Linux Host,96,rnd,39,4096.0,1024000.0,write,local,137067.0,4566.81,548268.0,18267.26,30.0107,137067.0,2.6,8.53,1113.09,12.75,1169.4326299999998,3514.5385,29.9855
310,Linux Host,96,seq,39,4096.0,1024000.0,write,global,253263.0,8439.99,1013052.0,33759.97,30.0043,253263.0,0.45,3.65,55.43,8.13,924.7215600000001,6493.9231,23.7108
311,Linux Host,96,seq,39,4096.0,1024000.0,write,local,255996.0,30767.99,1023984.0,123071.98,8.3169,255996.0,0.21,0.89,217.53,2.71,227.02319,6564.0,5.8211
312,Linux Host,96,rnd,40,4096.0,1024000.0,read,global,256000.0,13249.56,1024000.0,52998.23,19.3175,256000.0,2.35,2.67,28.69,2.81,684.76071,6400.0,17.119
313,Linux Host,96,rnd,40,4096.0,1024000.0,read,local,156778.0,5224.75,627112.0,20899.0,30.0054,156778.0,2.84,7.65,685.92,9.22,1199.39135,3919.45,29.9848
314,Linux Host,96,seq,40,4096.0,1024000.0,read,global,256000.0,202052.31,1024000.0,808209.24,1.2633,256000.0,0.09,0.14,13.61,0.23,35.40513,6400.0,0.8851
315,Linux Host,96,seq,40,4096.0,1024000.0,read,local,256000.0,42057.53,1024000.0,168230.14,6.0834,256000.0,0.09,0.64,152.73,1.79,164.38262,6400.0,4.1096
316,Linux Host,96,rnd,40,4096.0,1024000.0,write,global,25303.0,842.6,101212.0,3370.39,30.0262,25303.0,22.03,47.43,1017.55,94.1,1200.1556799999998,632.575,30.0039
317,Linux Host,96,rnd,40,4096.0,1024000.0,write,local,136137.0,4535.74,544548.0,18142.95,30.011,136137.0,2.74,8.81,1191.14,12.75,1199.49616,3403.425,29.9874
318,Linux Host,96,seq,40,4096.0,1024000.0,write,global,255864.0,8527.66,1023456.0,34110.63,30.0005,255864.0,0.4,3.57,142.11,8.28,914.22248,6396.6,22.8556
319,Linux Host,96,seq,40,4096.0,1024000.0,write,local,256000.0,33121.49,1024000.0,132485.95,7.7255,256000.0,0.21,0.9,244.05,2.61,230.15887,6400.0,5.754
